country,id,notam_id,fir,from_utc,to_utc,lat,lon,radius_nm,qcode,raw,polygon
Australia,107686811526759457,J5540/2025,YBBB,2025-12-14T16:00:00Z,,-14.516666666666667,132.38333333333333,5,QFAXX,J5540/25 NOTAMN  Q) YBBB/QFAXX/IV/NBO/A/000/999/1431S13223E005  A) YPTN  B) 2512141600 C) PERM  E) LOCAL TRAFFIC REGULATIONS AMD  CHANGE THE FLW TO READ:  5. MULTI ENG PROPELLER ACFT ARE NOT TO CONDUCT FULL PWR ENG RUNS ON  PAVED HARDSTAND DUE TO CREATION OF FOREIGN OBJECT DEBRIS.  REMOVE THE FLW:  NOTE 2  NOTE 10  AMD EN ROUTE SUPPLEMENT AUSTRALIA (ERSA    CREATED: 02 DEC 2025 02:18  SOURCE: YBBBZEZX,
France,107691169542412023,R3154/2025,LFXX,2026-01-22T00:00:00Z,2027-01-21T23:59:00Z,45.85,-4.533333333333333,190,QRTTT,"R3154/25 NOTAMN  Q) LFXX/QRTTT/IV/BO /W /000/999/4551N00432W190  A) LFRR LFBB B) 2601220000 C) 2701212359  E) TRIGGER NOTAM - AIRAC AIP SUP 207/25 MODIFIED :  MISSILE FIRING IN THE ATLANTIC OCEAN REQUIRING THE CREATION OF 6   TEMPORARY RESTRICTED AREAS (&apos;ZRT&apos;), OF 16 TEMPORARY DANGEROUS AREAS   (&apos;ZDT&apos;) AND FLIGHT PLAN BUFFER ZONE (FBZ) ASSOCIATED.  THESE &apos;ZRT/ZDT&apos; ARE ACTIVATED BY NOTAM AT D-7.  -----------------------------------------------------------------  PAGE 8 : REPLACE LFDB21Z COORDINATES BY :  455421N 0013949W - 455643N 0013942W - 455237N 0011542W -   455136N 0011253W - 454929N 0011048W - 453516N 0010344W -   453127N 0010358W - 452845N 0011022W - 452848N 0014111W -   453113N 0014103W - 453110N 0015559W - 453117N 0015703W -   453136N 0015801W - 453207N 0015848W - 453246N 0015919W -   453330N 0015933W - 453415N 0015928W - 453848N 0015754W -   453930N 0020815W - 454128N 0025012W - 454139N 0025119W -   454203N 0025217W - 454239N 0025301W - 454323N 0025327W -   454410N 0025333W - 454714N 0025311W - 454756N 0025257W -   454833N 0025227W - 455904N 0024055W - 455942N 0023954W -   460001N 0023837W - 460136N 0022359W - 460134N 0022236W -   455421N 0013949W  ------------------------------------------------------------------  THIS AIP SUP IS AVBL AT WWW.SIA.AVIATION-CIVILE.GOUV.FR  F) SFC G) UNL    CREATED: 16 DEC 2025 16:04  SOURCE: EUECYIYN",
USA,faa-tfr-6/1029,FDC 6/1029,ZBW,2026-09-09T13:00:00Z,2026-09-09T15:00:00Z,,,,TFR91.143,"FDC 6/1029 AIRSPACE SPACE OPERATIONS TFR. 29 ZBW AIRSPACE 35NM SW PRESQUE ISLE, ME, Wednesday, September 9, 2026 UTC. NOTAM Number : FDC 6/1029 Download shapefiles Issue Date : September 04, 2026 at 1308 UTC Location : 29 ZBW AIRSPACE 35NM SW PRESQUE ISLE, Maine near PRESQUE ISLE VOR/DME (PQI) Beginning Date and Time : September 09, 2026 at 1300 UTC Ending Date and Time : September 09, 2026 at 1500 UTC Reason for NOTAM : Space Operations Area Type : Space Operations Replaced NOTAM(s) : N/A Jump To: Affected Areas Operating Restrictions and Requirements Other Information Affected Area(s) Top Airspace Definition: Center: On the PRESQUE ISLE VOR/DME (PQI) 254 degree radial at 35.9 nautical miles. (Latitude: 46º24'35""N, Longitude: 68º47'04""W) Radius: 10 nautical miles Altitude: From the surface up to Unlimited Effective Date(s): From September 09, 2026 at 1300 UTC To September 09, 2026 at 1500 UTC ENDSECTION1 Operating Restrictions and Requirements Top No pilots may operate an aircraft in the areas covered by this NOTAM (except as described). Other Information: Top ARTCC: ZBW - Boston Center Authority: Title 14 CFR section 91.143",
CHINA,joey-ZLHW_I_ZBBBYNYX_A4176_26,A4176/26,ZLHW,2026-09-09T08:52:00Z,2026-09-09T09:13:00Z,39.183333,107.333333,,QRDCA,"A4176/26 NOTAMN  Q)ZLHW/QRDCA/IV/BO/W/000/999/3911N10719E012  A)ZLHW B)2609090852 C)2609090913   E) A TEMPORARY DANGER AREA ESTABLISHED BOUNDED BY:  N390900E1070500-N392000E1071000-N391300E1073500-N390200E1073000,   BACK TO START.VERTICAL LIMITS:SFC-UNL.  AIRCRAFT ARE FORBIDDEN TO FLY INTO THE AREA.  F)SFC G)UNL    CREATED: 02 SEP 2026 02:28  SOURCE: ZBBBYNYX","[[39.15,107.083333],[39.333333,107.166667],[39.216667,107.583333],[39.033333,107.5]]"
CHINA,joey-ZLHW_I_ZBBBYNYX_A4177_26,A4177/26,ZLHW,2026-09-09T08:53:00Z,2026-09-09T09:17:00Z,38.591667,109.458334,,QRDCA,"A4177/26 NOTAMN  Q)ZLHW/QRDCA/IV/BO/W/000/999/3835N10927E019  A)ZLHW B)2609090853 C)2609090917   E) A TEMPORARY DANGER AREA ESTABLISHED BOUNDED BY:  N383300E1090400-N384900E1091200-N383800E1095100-N382200E1094300,   BACK TO START.VERTICAL LIMITS:SFC-UNL.  AIRCRAFT ARE FORBIDDEN TO FLY INTO THE AREA.  F)SFC G)UNL    CREATED: 02 SEP 2026 02:29  SOURCE: ZBBBYNYX","[[38.55,109.066667],[38.816667,109.2],[38.633333,109.85],[38.366667,109.716667]]"
PHILIPPINES,joey-RPHI_I_RPLLYNYX_B4419_26,B4419/26,RPHI,2026-09-11T16:00:00Z,2026-09-14T20:00:00Z,12.754167,116.166667,,QWMLW,B4419/26 NOTAMN  Q) RPHI/QWMLW/IV/BO /W /000/999/1245N11610E038  A) RPHI B) 2609111600 C) 2609142000  D) 1600-2000  E) SPECIAL OPS (AEROSPACE FLT ACT) WILL BE CONDUCTED BY CHINA.  EST FALL AREA FOR UNBURNED DEBRIS WI:  130200N 1153700E -  132100N 1160400E -  122800N 1164300E -  121000N 1161600E -  130200N 1153700E  (230NM WEST OF LUBANG AP).  F) SFC G) UNL    CREATED: 28 AUG 2026 12:33  SOURCE: EUECYIYN,"[[13.033333,115.616667],[13.35,116.066667],[12.466667,116.716667],[12.166667,116.266667]]"
PHILIPPINES,joey-RPHI_I_RPLLYNYX_B4420_26,B4420/26,RPHI,2026-09-11T16:00:00Z,2026-09-14T20:00:00Z,8.297222,119.336111,,QWMLW,B4420/26 NOTAMN  Q) RPHI/QWMLW/IV/BO /W /000/999/0811N11926E046  A) RPHI B) 2609111600 C) 2609142000  D) 1600-2000  E) SPECIAL OPS (AEROSPACE FLT ACT) WILL BE CONDUCTED BY CHINA.  EST FALL AREA FOR UNBURNED DEBRIS WI:  083500N 1184800E -  085400N 1191500E -  084300N 1192900E -  075000N 1200600E -  072600N 1193000E -  081900N 1185300E -  083500N 1184800E  (58NM SOUTH OF PUERTO PRINCESA AP).  F) SFC G) UNL    CREATED: 28 AUG 2026 12:44  SOURCE: EUECYIYN,"[[8.583333,118.8],[8.9,119.25],[8.716667,119.483333],[7.833333,120.1],[7.433333,119.5],[8.316667,118.883333]]"
PHILIPPINES,joey-RPHI_I_RPLLYNYX_B4421_26,B4421/26,RPHI,2026-09-13T20:00:00Z,2026-09-18T23:30:00Z,19.466666,123.3375,,QWMLW,B4421/26 NOTAMN  Q) RPHI/QWMLW/IV/BO /W /000/999/1928N12320E036  A) RPHI B) 2609132000 C) 2609182330  D) 2000-2330  E) SPECIAL OPS (AEROSPACE FLT ACT) WILL BE CONDUCTED BY CHINA.  EST FALL AREA FOR UNBURNED DEBRIS WI:  200200N 1231600E -  200200N 1232700E -  185400N 1232500E -  185400N 1231300E -  200200N 1231600E  (76NM SOUTHEAST OF BASCO AP).  F) SFC G) UNL    CREATED: 28 AUG 2026 12:50  SOURCE: EUECYIYN,"[[20.033333,123.266667],[20.033333,123.45],[18.9,123.416667],[18.9,123.216667]]"
JAPAN,joey-RJJJ_I_RJAAYNYX_P4267_26,P4267/26,RJJJ,2026-09-09T08:00:00Z,2026-09-13T11:00:00Z,30.245833,126.058333,,QXXXX,"P4267/26 NOTAMN  Q)RJJJ/QXXXX/IV/NBO/E/000/165/3016N12604E030  A)RJJJ B)2609090800 C)2609131100  D)0800/1100  E)DUE TO AN AEROSPACE FLIGHT ACTIVITY, THE FLIGHT SAFETY OF THE  AIRCRAFT IN FOLLOWING AREA MAY BE AFFECTED THRU SEP 09-13 2026,  0800-1100 DLY    AREA:  304300N1255000E - 301300N1253300E - 294800N1261500E - 301500N1263600E  - 304300N1255000E    ALTITUDE:  SFC - UNL    RMK: ATC WILL NOT CLEAR IFR FLT THRU THIS AREA FOR THE FLIGHT SAFETY  F)SFC G)UNL    CREATED: 31 AUG 2026 04:34  SOURCE: RJAAYNYX","[[30.716667,125.833333],[30.216667,125.55],[29.8,126.25],[30.25,126.6]]"
